Country,Total_Population,Birth_Rate,Death_Rate,Net_Migration_Rate,Real_GDP_PPP_billion_USD,Real_GDP_Growth_Rate_percent,Real_GDP_per_Capita_USD,Unemployment_Rate_percent,Youth_Unemployment_Rate_percent,Budget_billion_USD,Exports_billion_USD,Imports_billion_USD,electricity_access_percent,electricity_generating_capacity_kW,petroleum_bbl_per_day,refined_petroleum_imports_bbl_per_day,carbon_dioxide_emissions_Mt,Area_Total,Land_Area,Water_Area,Land_Boundaries,Coastline,Highest_Elevation,Lowest_Elevation,Forest_Land,Other_Land,Agricultural_Land,Arable_Land (%% of Total Agricultural Land),Permanent_Crops (%% of Total Agricultural Land),Permanent_Pasture (%% of Total Agricultural Land),Irrigated_Land,Capital,Government_Type,roadways_km
AFGHANISTAN,39232003,34.79,12.08,0.1,60.8,-20.74,1500.0,13.28,20.2,5.09,1.48,6.98,97.0,776000.0,0.0,34210.0,7893000.0,"652,230 sq km","652,230 sq km",0 sq km,"5,987 km",0 km,"7,492 m",258 m,1.8%,40.1%,58.1%,11.8%,0.3%,46%,"24,930 sq km",Kabul,Theocracy,34903
AKROTIRI,,,,,,,,,,,,,,,,,,123 sq km,,,48 km,56.3 km,,,,,,,,,,Episkopi Cantonment,,
ALBANIA,3101621,12.48,7.36,3.22,40.82,8.52,14500.0,11.82,27.8,4.19,5.61,8.0,100.0,2531000.0,16100.0,26660.0,3.0,"28,748 sq km","27,398 sq km","1,350 sq km",691 km,362 km,"2,764 m",0 m,28.8%,28.2%,42.8%,22.3%,3%,17.4%,"1,820 sq km",Tirana,Republic,3945
ALGERIA,44758398,17.84,4.33,0.81,487.72,3.5,11000.0,12.7,31.9,55.19,41.78,44.32,99.0,21694000.0,1414800.0,82930.0,151.0,"2,381,740 sq km","2,381,740 sq km",0 sq km,"6,734 km",998 km,"2,908 m",-40 m,0.8%,81.8%,17.4%,3.2%,0.4%,13.8%,"12,605 sq km",Algiers,Republic,104000
AMERICAN SAMOA,44620,16.18,6.19,27.36,658.0,-1.87,11200.0,29.8,,249.0,428.0,615.0,59.0,47000.0,0.0,2346.0,355000.0,224 sq km,224 sq km,0 sq km,0 km,116 km,964 m,0 m,75.5%,0%,24.5%,15%,9.5%,0%,0 sq km,Pago Pago,Republic,241
ANDORRA,85468,6.87,7.98,0.0,1798.0,5.52,37900.0,14.73,36.9,546.08,497.87,476.68,100.0,115837000.0,47200.0,464800.0,280.0,468 sq km,468 sq km,0 sq km,118 km,0 km,"2,946 m",840 m,34%,26%,40%,1.7%,0%,38.3%,0 sq km,Andorra la Vella,Democracy,269
ANGOLA,35981281,41.42,7.8,0.19,203.87,1.1,5900.0,8.53,18.5,17.9,33.67,18.84,48.0,7344000.0,1197600.0,111600.0,19.0,"1,246,700 sq km","1,246,700 sq km",0 sq km,"5,369 km","1,600 km","2,620 m",0 m,54.3%,,45.7%,3.9%,0.3%,41.5%,860 sq km,Luanda,Republic,26000
ANGUILLA,19079,11.9,4.72,10.48,175.4,-8.5,12200.0,8.0,,81.92,7.9,186.2,100.0,,,,,91 sq km,91 sq km,0 sq km,0 km,61 km,73 m,0 m,61.1%,38.9%,0%,0%,0%,0%,0 sq km,The Valley,Democracy,175
ANTARCTICA,,,,,,,,,,,,,,0.0,0.0,,28000.0,14.2 million sq km,"285,000 sq km",,,"17,968 km","4,892 m","-3,500 m",,,0%,,,,,,Other,
ANTIGUA AND BARBUDA,101489,15.01,5.69,2.01,1.78,5.27,19100.0,11.0,,278.0,749.48,868.8,100.0,117000.0,0.0,5065.0,729000.0,443 sq km,443 sq km,0 sq km,0 km,153 km,402 m,0 m,18.8%,60.8%,20.5%,9%,2.3%,9%,1.3 sq km,Saint John’s,Democracy,1170
ARCTIC OCEAN,,,,,,,,,,,,,,,,,,15.558 million sq km,,,,"45,389 km",,"-5,577 m",,,,,,,,,,
ARGENTINA,46621847,15.38,7.28,0.08,986.13,10.4,21500.0,10.9,29.9,150.82,87.42,72.36,100.0,44731000.0,690200.0,121400.0,193.0,"2,780,400 sq km","2,736,690 sq km","43,710 sq km","11,968 km","4,989 km",,-105 m,10.7%,35.4%,53.9%,13.9%,0.4%,39.6%,"23,600 sq km",Buenos Aires,Republic,281290
ARMENIA,2989091,10.8,9.54,5.28,39.61,5.7,14200.0,20.9,36.1,3.26,5.01,6.12,100.0,3633000.0,0.0,7145.0,6.0,"29,743 sq km","28,203 sq km","1,540 sq km","1,570 km",0 km,"4,090 m",400 m,9.1%,31.2%,59.7%,15.8%,1.9%,42%,"1,554 sq km",Yerevan,Democracy,7700
ARUBA,123,11.69,8.69,8.08,4.14,17.17,38900.0,7.7,,793.0,2.2,1.95,100.0,296000.0,0.0,7891.0,1.0,180 sq km,180 sq km,0 sq km,0 km,68.5 km,188 m,0 m,2.3%,86.6%,11.1%,11.1%,0%,0%,,Oranjestad,Democracy,1000
ASHMORE AND CARTIER ISLANDS,,,,,,,,,,,,,,,,,,5 sq km,5 sq km,0 sq km,0 km,74.1 km,5 m,0 m,,,0%,,,,,,,
ATLANTIC OCEAN,,,,,,,,,,,,,,,,,,85.133 million sq km,,,,"111,866 km",,"-8,605 m",,,,,,,,,,
AUSTRALIA,26461166,12.23,6.76,6.39,1279.0,2.24,49800.0,5.11,10.8,479.33,389.79,298.71,100.0,82517000.0,442500.0,619600.0,417000000.0,"7,741,220 sq km","7,682,300 sq km","58,920 sq km",0 km,"25,760 km","2,228 m",-15 m,17.42%,33.42%,46.65%,4.03%,0.04%,42.58%,"15,210 sq km",Canberra,Democracy,873573
AUSTRIA,8940860,9.39,9.86,3.54,484.7,4.56,54100.0,6.3,11.4,218.48,268.28,265.77,100.0,28376000.0,20100.0,135500.0,65.0,"83,871 sq km","82,445 sq km","1,426 sq km","2,524 km",0 km,"3,798 m",115 m,47.2%,14.4%,38.4%,16.5%,0.8%,21.1%,382 sq km,Vienna,Republic,137039
AZERBAIJAN,10420515,13.2,6.92,0.0,146.31,5.6,14400.0,6.58,16.5,19.95,25.49,16.34,100.0,7677000.0,711700.0,5576.0,35.0,"86,600 sq km","82,629 sq km","3,971 sq km","2,468 km",0 km,"4,466 m",-28 m,11.3%,31.1%,57.6%,22.8%,2.7%,32.1%,"14,649 sq km",Baku,Republic,24981
"BAHAMAS, THE",358508,14.49,6.47,0.0,12.32,13.72,30200.0,13.24,30.8,2.09,3.2,4.92,100.0,578000.0,0.0,19150.0,3.0,"13,880 sq km","10,010 sq km","3,870 sq km",0 km,"3,542 km",64 m,0 m,51.4%,47.2%,1.4%,0.8%,0.4%,0.2%,10 sq km,Nassau,Democracy,2700
BAHRAIN,1553886,12.3,2.83,0.99,72.27,2.23,49400.0,1.87,9.9,9.17,35.23,27.58,100.0,6982000.0,185300.0,14530.0,43.0,760 sq km,760 sq km,0 sq km,0 km,161 km,135 m,0 m,0.7%,88%,11.3%,2.1%,3.9%,5.3%,40 sq km,Manama,Monarchy,4122
BANGLADESH,167184465,17.5,5.5,2.88,1001.0,6.94,5900.0,5.23,14.7,30.02,49.39,85.3,98.0,18461000.0,13500.0,81570.0,96.0,"148,460 sq km","130,170 sq km","18,290 sq km","4,413 km",580 km,"1,060 m",0 m,11.1%,18.8%,70.1%,59%,6.5%,4.6%,"81,270 sq km",Dhaka,Republic,369105
BARBADOS,303431,10.73,8.03,0.29,3.87,-0.19,13800.0,10.41,30.6,1.27,357.0,2.12,100.0,311000.0,1000.0,10630.0,1.0,430 sq km,430 sq km,0 sq km,0 km,97 km,336 m,0 m,19.4%,48%,32.6%,25.6%,2.3%,4.7%,50 sq km,Bridgetown,Republic,1700
BELARUS,9383853,8.87,12.81,0.72,184.48,2.3,19800.0,4.74,11.3,24.74,49.42,45.46,100.0,11360000.0,34300.0,14630.0,54.0,"207,600 sq km","202,900 sq km","4,700 sq km","3,599 km",0 km,346 m,90 m,42.7%,13.6%,43.7%,27.2%,0.6%,15.9%,303 sq km,Minsk,Republic,86600
BELGIUM,11913633,10.86,9.57,4.18,599.81,6.13,51700.0,6.42,19.6,267.11,515.62,509.02,100.0,26929000.0,11400.0,601400.0,128.0,"30,528 sq km","30,278 sq km",250 sq km,"1,297 km",66.5 km,694 m,0 m,22.4%,33.5%,44.1%,27.2%,0.8%,16.1%,57 sq km,Brussels,Democracy,118414
BELIZE,419137,20.93,3.89,0.95,3.5,15.23,8800.0,8.22,19.3,583.0,1.04,1.25,97.0,204000.0,1300.0,4161.0,541000.0,"22,966 sq km","22,806 sq km",160 sq km,542 km,386 km,"1,124 m",0 m,60.6%,32.5%,6.9%,3.3%,1.4%,2.2%,35 sq km,Belmopan,Democracy,3281
BENIN,14219908,40.72,7.82,0.24,43.17,7.16,3300.0,1.57,3.9,2.02,3.51,3.94,41.0,475000.0,0.0,38040.0,6.0,"112,622 sq km","110,622 sq km","2,000 sq km","2,123 km",,,0 m,40%,28.7%,31.3%,22.9%,3.5%,4.9%,172 sq km,Porto-Novo,Republic,16000
BERMUDA,72576,10.97,9.2,1.43,5.13,5.41,80300.0,7.0,29.3,999.2,1.12,1.93,100.0,172000.0,0.0,3939.0,796000.0,54 sq km,54 sq km,0 sq km,0 km,103 km,79 m,0 m,20%,65.2%,14.8%,14.8%,0%,0%,,Hamilton,Democracy,447
BHUTAN,876181,15.61,6.05,0.0,8.48,4.09,10900.0,4.33,18.8,710.0,741.6,1.03,100.0,2334000.0,0.0,3120.0,934000.0,"38,394 sq km","38,394 sq km",0 sq km,"1,136 km",0 km,"7,570 m",97 m,85.5%,0.9%,13.6%,2.6%,0.3%,10.7%,320 sq km,Thimphu,Monarchy,12205
BOLIVIA,12186079,18.08,4.33,0.96,97.27,6.11,8100.0,8.51,17.4,11.8,11.44,10.8,98.0,3834000.0,65400.0,20620.0,17.0,"1,098,581 sq km","1,083,301 sq km","15,280 sq km","7,252 km",0 km,"6,542 m",90 m,52.5%,13.2%,34.3%,3.6%,0.2%,30.5%,"2,972 sq km",La Paz,Republic,90568
BOSNIA AND HERZEGOVINA,3807764,8.31,10.26,0.38,51.24,7.55,15700.0,15.22,32.9,8.43,9.95,12.73,100.0,4775000.0,0.0,18280.0,16.0,"51,197 sq km","51,187 sq km",10 sq km,"1,543 km",20 km,"2,386 m",0 m,42.8%,15%,42.2%,19.7%,2%,20.5%,30 sq km,Sarajevo,Republic,22926
BOTSWANA,2417596,19.95,8.98,2.77,38.41,11.37,14800.0,24.72,41.2,3.83,7.93,9.28,73.0,766000.0,0.0,21090.0,5.0,"581,730 sq km","566,730 sq km","15,000 sq km","4,347.15 km",0 km,"1,495 m",513 m,19.8%,34.4%,45.8%,0.6%,0%,45.2%,25 sq km,Gaborone,Republic,31747
BOUVET ISLAND,,,,,,,,,,,,,,,,,,49 sq km,49 sq km,0 sq km,0 km,29.6 km,780 m,0 m,0%,100%,0%,0%,0%,0%,,,,
BRAZIL,218689757,13.44,6.9,0.19,3128.0,4.62,14600.0,14.4,31.9,424.2,317.18,297.92,99.0,195037000.0,3629100.0,490400.0,456000000.0,"8,515,770 sq km","8,358,140 sq km","157,630 sq km","16,145 km","7,491 km","2,994 m",0 m,61.9%,5.2%,32.9%,8.6%,0.8%,23.5%,"69,029 sq km",Brasília,Republic,"2,000,000"
BRITISH INDIAN OCEAN TERRITORY,,,,,,,,,,,,,,,,,,60 sq km,60 sq km,"54,340 sq km",0 km,698 km,9 m,0 m,0%,100%,0%,,,,,,,
BRITISH VIRGIN ISLANDS,39369,10.9,5.44,13.21,500.0,2.0,34200.0,2.9,,400.0,23.0,300.0,100.0,33000.0,0.0,1227.0,173000.0,151 sq km,151 sq km,0 sq km,0 km,80 km,521 m,0 m,24.3%,29%,46.7%,6.7%,6.7%,33.3%,,Road Town,Democracy,200
BRUNEI,484991,15.98,3.85,2.15,26.78,-1.59,60100.0,7.65,23.4,1.06,11.2,9.22,100.0,1261000.0,107300.0,6948.0,9.0,"5,765 sq km","5,265 sq km",500 sq km,266 km,161 km,"1,850 m",0 m,71.8%,25.7%,2.5%,0.8%,1.1%,0.6%,10 sq km,Bandar Seri Begawan,Monarchy,2976
BULGARIA,6827736,7.97,14.31,0.29,167.8,7.63,24400.0,5.42,14.2,24.49,51.51,50.06,99.0,11097000.0,4500.0,49260.0,38.0,"110,879 sq km","108,489 sq km","2,390 sq km","1,806 km",354 km,"2,925 m",0 m,36.7%,16.4%,46.9%,29.9%,1.5%,15.5%,987 sq km,Sofia,Republic,19512
BURKINA FASO,22489126,32.71,7.5,0.59,48.17,6.91,2200.0,4.76,7.7,3.21,5.36,4.78,18.0,392000.0,0.0,23580.0,4.0,"274,200 sq km","273,800 sq km",400 sq km,"3,611 km",0 km,749 m,200 m,19.3%,36.5%,44.2%,22%,37%,21.93%,550 sq km,Ouagadougou,Republic,15304
BURMA,57970293,16.04,7.14,1.36,216.95,-17.91,4000.0,2.17,6.4,13.36,20.4,23.1,72.0,7247000.0,7800.0,102600.0,31.0,"676,578 sq km","653,508 sq km","23,070 sq km","6,522 km","1,930 km","5,870 m",0 m,48.2%,32.6%,19.2%,16.5%,2.2%,0.5%,"17,140 sq km",Rangoon,Republic,157000
BURUNDI,13162952,34.87,5.85,6.84,8.85,1.8,700.0,1.79,3.4,747.0,285.11,905.29,10.0,100000.0,0.0,1374.0,715000.0,"27,830 sq km","25,680 sq km","2,150 sq km","1,140 km",0 km,"2,685 m",772 m,6.6%,20.1%,73.3%,38.9%,15.6%,18.8%,230 sq km,Gitega,Republic,12322
CABO VERDE,603901,18.19,5.77,0.57,3.6,6.95,6100.0,15.42,34.3,583.0,459.92,1.12,95.0,205000.0,0.0,5607.0,1.0,"4,033 sq km","4,033 sq km",0 sq km,0 km,965 km,"2,829 m",0 m,21%,60.4%,18.6%,11.7%,0.7%,6.2%,35 sq km,Praia,Republic,1350
CAMBODIA,16891245,18.75,5.7,2.67,72.24,3.03,4400.0,0.61,1.8,7.25,20.13,32.83,82.0,2954000.0,0.0,43030.0,13.0,"181,035 sq km","176,515 sq km","4,520 sq km","2,530 km",443 km,"1,810 m",0 m,56.5%,11.4%,32.1%,22.7%,0.9%,8.5%,"3,540 sq km",Phnom Penh,Monarchy,47263
CAMEROON,30135732,35.13,7.54,0.3,100.65,3.65,3700.0,3.87,6.6,6.12,7.45,9.03,65.0,1754000.0,63200.0,14090.0,7.0,"475,440 sq km","472,710 sq km","2,730 sq km","5,018 km",402 km,"4,045 m",0 m,41.7%,37.7%,20.6%,13.1%,3.3%,4.2%,290 sq km,Yaounde,Republic,77589
CANADA,38516736,10.11,8.17,5.37,1832.0,4.54,47900.0,7.51,14.0,686.72,611.15,609.26,100.0,153251000.0,5468100.0,405700.0,612000000.0,"9,984,670 sq km","9,093,507 sq km","891,163 sq km","8,892 km","202,080 km","5,959 m",0 m,34.1%,59.1%,6.8%,4.7%,0.5%,1.6%,"9,045 sq km",Ottawa,Democracy,1042300
CAYMAN ISLANDS,65483,11.62,6.06,12.34,,,,,13.8,,,,,,,,,264 sq km,264 sq km,0 sq km,0 km,160 km,50 m,0 m,52.9%,35.9%,11.2%,0.8%,2.1%,8.3%,,George Town,Democracy,
CENTRAL AFRICAN REPUBLIC,5552228,32.37,11.51,3.16,4.48,0.9,800.0,6.57,11.8,418.0,113.7,393.1,15.0,38000.0,0.0,2799.0,285000.0,"622,984 sq km","622,984 sq km",0 sq km,"5,920 km",0 km,"1,410 m",335 m,36.2%,55.7%,8.1%,2.9%,0.1%,5.1%,10 sq km,Bangui,,24000
CHAD,18523165,39.85,9.21,0.12,24.49,-1.2,1400.0,1.88,2.4,2.29,2.46,2.16,11.0,87000.0,87900.0,2285.0,1.0,1.284 million sq km,"1,259,200 sq km","24,800 sq km","6,406 km",0 km,"3,445 m",160 m,9.1%,51.3%,39.6%,3.9%,0%,35.7%,300 sq km,N’Djamena,Republic,40000
CHILE,18549457,12.57,6.58,0.32,496.08,11.67,25400.0,9.13,21.4,55.16,100.63,102.09,100.0,29808000.0,11900.0,166400.0,88.0,"756,102 sq km","743,812 sq km","12,290 sq km","7,801 km","6,435 km","6,893 m",0 m,21.9%,57%,21.1%,1.7%,0.6%,18.8%,"11,100 sq km",Santiago; note - Valparaiso is the seat of the national legislature,Republic,77801
CHINA,1413142846,9.69,7.82,0.11,17730.0,3.0,12500.0,5.2,16.7,3560.0,3593.0,2714.0,100.0,2380000000.0,4670000.0,1280000.0,11535200000.0,"9,596,960 sq km","9,326,410 sq km","270,550 sq km","22,457 km","14,500 km","8,849 m",-154 m,22.3%,23%,54.7%,11.3%,1.6%,41.8%,"690,070 sq km",Beijing,Communist,"4,960,600"
CHRISTMAS ISLAND,2205,,,,,,,,,,,,,,,,,135 sq km,135 sq km,0 sq km,0 km,138.9 km,361 m,0 m,,100%,0%,,,,,The Settlement,Territory,142
CLIPPERTON ISLAND,,,,,,,,,,,,,,,,,,6 sq km,6 sq km,0 sq km,0 km,11.1 km,29 m,0 m,0%,100%,0%,,,,,,,
COCOS (KEELING) ISLANDS,596,,8.89,,,1.0,,0.1,,,,,,,,,,14 sq km,14 sq km,0 sq km,0 km,26 km,9 m,0 m,0%,100%,0%,,,,,West Island,Territory,22
COLOMBIA,49336454,15.06,7.84,1.85,754.64,10.68,14600.0,14.34,26.4,94.98,50.79,70.84,99.0,19769000.0,756400.0,57170.0,81.0,"1,138,910 sq km","1,038,700 sq km","100,210 sq km","6,672 km","3,208 km","5,730 m",0 m,54.4%,8.1%,37.5%,1.4%,1.6%,34.5%,"10,900 sq km",Bogota,Republic,205379
COMOROS,888378,22.06,6.49,2.22,2.65,2.11,3200.0,9.45,21.7,223.0,139.57,407.0,87.0,35000.0,0.0,1241.0,326000.0,"2,235 sq km","2,235 sq km",0 sq km,0 km,340 km,"2,360 m",0 m,1.4%,14.2%,84.4%,46.7%,29.6%,8.1%,1.3 sq km,Moroni,Republic,880
"CONGO, DEMOCRATIC REPUBLIC OF THE",111859928,39.64,7.74,0.63,102.96,6.2,1100.0,5.43,10.1,5.42,22.35,22.19,20.0,2919000.0,22000.0,21140.0,2.0,"2,344,858 sq km","2,267,048 sq km","77,810 sq km","11,027 km",37 km,"5,110 m",0 m,,,,,,,110 sq km,Kinshasa,Republic,152373
"CONGO, REPUBLIC OF THE",5677493,31.55,8.23,0.0,18.88,-2.2,3200.0,23.01,42.3,3.4,4.67,3.28,49.0,629000.0,270900.0,7162.0,4.0,"342,000 sq km","341,500 sq km",500 sq km,"5,554 km",169 km,"1,020 m",0 m,65.6%,3.3%,31.1%,1.6%,0.2%,29.3%,20 sq km,Brazzaville,Republic,23324
COOK ISLANDS,7939,12.34,9.2,26.2,266.0,10.5,15600.0,13.1,,86.9,31.4,215.0,,18000.0,0.0,611.0,114000.0,236 sq km,236 sq km,0 sq km,0 km,120 km,652 m,0 m,64.6%,27%,8.4%,4.2%,4.2%,0%,,Avarua,Democracy,295
CORAL SEA ISLANDS,,,,,,,,,,,,,,,,,,3 sq km,3 sq km,0 sq km,0 km,"3,095 km",9 m,0 m,,100%,0%,,,,,,,
COSTA RICA,29344847,27.92,7.45,1.16,146.32,7.04,5300.0,3.47,5.7,8.8,13.23,12.66,71.0,2197000.0,33000.0,7405.0,11.0,"322,463 sq km","318,003 sq km","4,460 sq km","3,458 km",515 km,"1,752 m",0 m,32.7%,2.5%,64.8%,9.1%,14.2%,41.5%,730 sq km,Yamoussoukro,Republic,81996
CROATIA,4169239,8.6,12.98,0.26,123.35,13.07,31600.0,8.68,23.6,212.81,35.31,36.33,100.0,4940000.0,12200.0,35530.0,16.0,"56,594 sq km","55,974 sq km",620 sq km,"2,237 km","5,835 km","1,831 m",0 m,34.4%,41.9%,23.7%,16%,1.5%,6.2%,171 sq km,Zagreb,Republic,26958
CUBA,10985974,9.99,9.37,2.53,137.0,1.25,12300.0,2.76,7.4,54.52,2.63,11.06,100.0,7479000.0,38400.0,52750.0,16.0,"110,860 sq km","109,820 sq km","1,040 sq km",28.5 km,"3,735 km","1,974 m",0 m,27.3%,12.4%,60.3%,33.8%,3.6%,22.9%,"8,700 sq km",Havana,Communist,60000
CURACAO,152849,13.07,8.78,1.31,3.17,4.23,20800.0,13.0,42.2,,1.28,1.92,100.0,,,45800.0,,444 sq km,444 sq km,0 sq km,,364 km,372 m,0 m,,90%,10%,10%,,,,Willemstad,Democracy,550
CYPRUS,1308120,10.37,6.99,6.65,,,,,11.8,,,,,,,,,"9,251 sq km","9,241 sq km",10 sq km,156 km,648 km,"1,951 m",0 m,18.8%,67.8%,13.4%,9.8%,3.2%,0.4%,268 sq km,,Republic,
CZECHIA,10706242,8.43,10.77,2.32,428.02,3.54,40700.0,2.89,7.6,103.84,204.78,196.24,100.0,22485000.0,6300.0,83860.0,99.0,"78,867 sq km","77,247 sq km","1,620 sq km","2,046 km",0 km,"1,602 m",115 m,34.4%,10.8%,54.8%,41%,1%,12.8%,220 sq km,Prague,Republic,55744
DENMARK,5946984,11.25,9.55,2.71,352.44,3.8,59700.0,4.8,10.1,185.65,234.26,208.12,100.0,17655000.0,69000.0,109700.0,33.0,"43,094 sq km","42,434 sq km",660 sq km,141 km,"7,314 km",171 m,-7 m,12.9%,23.7%,63.4%,58.9%,0.1%,4.4%,"2,360 sq km",Copenhagen,Monarchy,74558
DHEKELIA,,,,,,,,,,,,,,,,,,131 sq km,,,108 km,27.5 km,,,,,,,,,,Episkopi Cantonment,,
DJIBOUTI,976143,22.03,7.08,4.37,5.43,4.81,4900.0,28.39,79.9,725.0,5.16,5.48,65.0,130000.0,0.0,6692.0,610000.0,"23,200 sq km","23,180 sq km",20 sq km,528 km,314 km,"2,021 m",-155 m,0.2%,26.4%,73.4%,0.1%,0%,73.3%,10 sq km,Djibouti,Republic,2893
DOMINICA,74656,13.64,8.12,5.3,787.7,6.68,10900.0,23.0,,180.0,104.96,302.0,100.0,42000.0,0.0,1237.0,182000.0,751 sq km,751 sq km,NEGL,0 km,148 km,"1,447 m",0 m,59.2%,6.1%,34.7%,8%,24%,2.7%,,Roseau,Republic,1512
DOMINICAN REPUBLIC,11470261,20.81,7.17,1.86,32.86,-1.8,2900.0,15.73,35.7,1.18,1.24,5.22,47.0,3453000.0,0.0,20030.0,3.0,"48,670 sq km","48,320 sq km",350 sq km,376 km,"1,288 km","3,098 m",-46 m,40.8%,7.7%,51.5%,16.6%,10.1%,24.8%,"2,980 sq km",Port-au-Prince,Republic,4102
ECUADOR,17483326,16.19,5.18,0.0,189.88,4.24,10700.0,6.43,14.2,35.91,29.32,28.57,100.0,9354000.0,478000.0,153900.0,36.0,"283,561 sq km","276,841 sq km","6,720 sq km","2,237 km","2,237 km",,0 m,38.9%,31.4%,29.7%,4.7%,5.6%,19.4%,"10,000 sq km",Quito,Republic,43950
EGYPT,109546720,20.48,4.32,0.29,1264.0,3.33,11600.0,9.33,24.3,71.16,58.34,94.04,100.0,59826000.0,660800.0,280200.0,235.0,"1,001,450 sq km","995,450 sq km","6,000 sq km","2,612 km","2,450 km","2,629 m",-133 m,0.1%,96.3%,3.6%,2.8%,0.8%,0%,"36,500 sq km",Cairo,Republic,65050
EL SALVADOR,6602370,17.49,5.92,7.01,57.37,10.28,9100.0,5.94,13.7,6.45,8.49,15.75,97.0,2586000.0,0.0,49280.0,7.0,"21,041 sq km","20,721 sq km",320 sq km,590 km,307 km,"2,730 m",0 m,13.6%,11.7%,74.7%,33.1%,10.9%,30.7%,274 sq km,San Salvador,Republic,9012
EQUATORIAL GUINEA,1737695,29.46,8.9,13.01,23.92,-0.95,14600.0,9.24,18.3,2.6,8.78,6.25,66.0,349000.0,142600.0,5094.0,4.0,"28,051 sq km","28,051 sq km",0 sq km,528 km,296 km,"3,008 m",0 m,57.5%,32.4%,10.1%,4.3%,2.1%,3.7%,,"Malabo; note - Malabo is on the island of Bioko; in 2017, some governmental offices began to move to a new capital of Ciudad de la",Republic,2880
ERITREA,6274796,26.72,6.6,9.38,9.7,5.0,1600.0,8.05,14.6,633.0,624.3,1.13,52.0,228000.0,0.0,3897.0,798000.0,"117,600 sq km","101,000 sq km","16,600 sq km","1,840 km","2,234 km","3,018 m",-75 m,15.1%,9.8%,75.1%,6.8%,0%,68.3%,210 sq km,Asmara,Republic,16000
ESTONIA,1202762,8.48,13.13,2.73,51.53,8.01,38700.0,6.33,17.1,12.28,29.06,29.23,100.0,3030000.0,21800.0,35520.0,4.0,"45,228 sq km","42,388 sq km","2,840 sq km",657 km,"3,794 km",318 m,0 m,52.1%,25.7%,22.2%,14.9%,0.1%,7.2%,20 sq km,Tallinn,Republic,58412
ESWATINI,1130043,22.83,9.53,6.07,10.56,7.88,8900.0,25.76,50.9,1.13,2.13,2.17,82.0,286000.0,0.0,5279.0,1.0,"17,364 sq km","17,204 sq km",160 sq km,546 km,0 km,"1,862 m",21 m,31.7%,0%,68.3%,9.8%,0.8%,57.7%,500 sq km,Mbabane,Monarchy,3769
ETHIOPIA,116462712,29.97,5.6,0.19,278.94,5.64,2300.0,3.69,5.7,11.31,9.5,20.86,54.0,4856000.0,0.0,69970.0,16.0,"1,104,300 sq km","1,096,570 sq km","7,730 sq km","5,925 km",0 km,"4,550 m",-125 m,12.2%,51.5%,36.3%,15.2%,1.1%,20%,"1,813 sq km",Addis Ababa,Republic,120171
EUROPEAN UNION,,2020.0,2021.0,2.85,19739.0,5.39,44100.0,7.05,19.5,,8705.0,8037.0,99.0,,,,3.0,"4,236,351 sq km",,,"13,770 km","53,563.9 km","4,810 m",-7 m,,,,,,,"154,539.82 sq km",Brussels,,4894173
FALKLAND ISLANDS (ISLAS MALVINAS),3662,10.9,4.9,,206.4,25.5,70800.0,1.0,,67.1,257.3,90.0,,11000.0,0.0,286.0,46000.0,"12,173 sq km","12,173 sq km",0 sq km,0 km,"1,288 km",705 m,0 m,,7.6%,92.4%,,,92.4%,,Stanley,Democracy,440
FAROE ISLANDS,52600,14.94,8.61,0.0,2.0,5.9,40000.0,2.2,,835.6,1.18,978.4,100.0,128000.0,0.0,4555.0,870000.0,"1,393 sq km","1,393 sq km",0 sq km,0 km,"1,117 km",882 m,0 m,0.1%,97.8%,2.1%,2.1%,0%,0%,,Torshavn,Democracy,960
FIJI,947760,16.25,6.44,5.65,9.58,-5.11,10400.0,5.24,18.1,885.0,1.17,2.34,92.0,393000.0,0.0,17460.0,1.0,"18,274 sq km","18,274 sq km",0 sq km,0 km,"1,129 km","1,324 m",0 m,55.7%,21%,23.3%,9%,4.7%,9.6%,40 sq km,Suva,Republic,3440
FINLAND,5614571,10.33,10.37,2.25,275.55,2.1,49600.0,7.53,18.1,140.64,116.91,116.28,100.0,20418000.0,8300.0,122200.0,41.0,"338,145 sq km","303,815 sq km","34,330 sq km","2,563 km","1,250 km","1,328 m",0 m,72.9%,19.6%,7.5%,7.4%,0%,0.1%,80 sq km,Helsinki,Republic,454000
FRANCE,47222613,7.1,10.1,4.2,3048.0,6.8,45900.0,8.1,18.8,1392.0,569.1,571.4,100.0,138611000.0,81500.0,886800.0,338.0,"643,801 sq km","640,427 sq km","3,374 sq km","3,956 km","4,853 km",,-2 m,29.2%,18.1%,52.7%,33.4%,1.8%,17.5%,"14,236 sq km",Madrid,Monarchy,1053215
FRENCH POLYNESIA,301488,13.22,5.67,0.61,5.65,1.02,18600.0,14.39,38.9,1.89,162.0,1.66,100.0,272000.0,0.0,6785.0,1.0,"4,167 sq km","3,827 sq km",340 sq km,0 km,"2,525 km","2,241 m",0 m,43.7%,43.8%,12.5%,0.7%,6.3%,5.5%,10 sq km,Papeete,Democracy,2590
FRENCH SOUTHERN AND ANTARCTIC LANDS,,,,,,,,,,,,,,,,,,,,,0 km,Ile Amsterdam,867 m,0 m,,,,,,,,,,
GABON,2397368,25.89,5.59,3.59,32.34,1.46,13800.0,22.26,38.4,3.3,10.8,5.02,91.0,784000.0,175000.0,10680.0,2.0,"267,667 sq km","257,667 sq km","10,000 sq km","3,261 km",885 km,"1,050 m",0 m,81%,0%,19%,1.2%,0.6%,17.2%,40 sq km,Libreville,Republic,14300
"GAMBIA, THE",2468569,28.03,5.71,0.04,5.48,4.27,2100.0,11.21,15.5,252.0,135.45,726.0,63.0,137000.0,0.0,3738.0,606000.0,"11,300 sq km","10,120 sq km","1,180 sq km",749 km,80 km,,0 m,43.9%,0%,56.1%,41%,0.5%,14.6%,50 sq km,Banjul,Republic,2977
GAZA STRIP,2098389,27.2,2.88,4.46,27.78,7.05,5600.0,24.9,39.6,3.8,3.18,10.24,100.0,215000.0,0.0,,3.0,360 sq km,360 sq km,0 sq km,72 km,40 km,105 m,0 m,,,,,,,,,,
GEORGIA,4936390,10.79,10.76,0.06,57.43,10.47,15500.0,10.66,28.3,4.74,8.09,11.15,100.0,4579000.0,300.0,28490.0,10.0,"69,700 sq km","69,700 sq km",0 sq km,"1,814 km",310 km,"5,193 m",0 m,39.4%,25.1%,35.5%,5.8%,1.8%,27.9%,"4,330 sq km",Tbilisi,Republic,20295
GERMANY,84220184,9.02,11.97,1.78,4260.0,1.8,51200.0,3.0,7.5,1797.0,1813.0,1665.0,100.0,218000000.0,135000.0,883800.0,726881000.0,"357,022 sq km","348,672 sq km","8,350 sq km","3,694 km","2,389 km","2,963 m",-3.5 m,31.8%,20.2%,48%,34.1%,0.6%,13.3%,"5,056 sq km",Berlin,Republic,"830,000"
GHANA,33846114,28.04,5.99,0.16,178.46,5.36,5400.0,4.7,9.6,9.49,23.9,25.97,86.0,5312000.0,185700.0,85110.0,18.0,"238,533 sq km","227,533 sq km","11,000 sq km","2,420 km",539 km,885 m,0 m,21.2%,9.7%,69.1%,20.7%,11.9%,36.5%,360 sq km,Accra,Republic,65725
GIBRALTAR,29629,13.84,8.74,3.24,2.04,,61700.0,1.0,,475.8,202.3,2.97,100.0,43000.0,0.0,74200.0,14.0,7 sq km,6.5 sq km,0 sq km,1.2 km,12 km,426 m,0 m,,100%,0%,,,,,Gibraltar,Democracy,29
GREECE,10497595,7.52,12.02,1.03,314.43,8.43,29500.0,14.8,36.9,98.52,87.52,103.53,100.0,21545000.0,4800.0,192200.0,70.0,"131,957 sq km","130,647 sq km","1,310 sq km","1,110 km","13,676 km",,0 m,30.5%,6.1%,63.4%,19.7%,8.9%,34.8%,"11,853 sq km",Athens,Republic,117000
GREENLAND,57777,13.66,9.07,4.95,2.41,0.36,41800.0,9.1,,1.72,407.1,783.5,100.0,187000.0,0.0,3973.0,605000.0,"2,166,086 sq km","2,166,086 sq km",,0 km,"44,087 km","3,694 m",0 m,0%,99.4%,0.6%,0%,0%,0.6%,,Nuuk,Democracy,
GRENADA,114299,13.61,8.34,2.34,1.71,4.69,13700.0,24.0,,323.0,393.77,650.0,93.0,55000.0,0.0,1886.0,316000.0,344 sq km,344 sq km,0 sq km,0 km,121 km,840 m,0 m,50%,17.7%,32.3%,8.8%,20.6%,2.9%,20 sq km,Saint George’s,Democracy,1127
GUAM,169330,18.33,6.08,10.94,5.79,1.06,35600.0,6.98,15.3,1.24,1.12,2.96,100.0,455000.0,0.0,13500.0,1.0,544 sq km,544 sq km,0 sq km,0 km,125.5 km,406 m,0 m,47.9%,18.7%,33.4%,1.9%,16.7%,14.8%,2 sq km,Hagatna,Republic,1045
GUATEMALA,17980803,21.88,4.89,1.63,152.73,7.98,8900.0,3.57,7.2,8.65,15.32,27.39,97.0,5185000.0,10300.0,97900.0,19.0,"108,889 sq km","107,159 sq km","1,730 sq km","1,667 km",400 km,"4,220 m",0 m,33.6%,25.2%,41.2%,14.2%,8.8%,18.2%,"3,375 sq km",Guatemala City,Republic,17440
GUERNSEY,67642,9.73,9.17,1.64,3.46,0.4,52500.0,7.37,15.8,563.6,,,100.0,,,,,78 sq km,78 sq km,0 sq km,0 km,50 km,114 m,0 m,,,,,,,,Saint Peter Port,Democracy,260
GUINEA,13607249,35.47,7.97,0.0,,,,,8.2,,,,,,,,,"245,857 sq km","245,717 sq km",140 sq km,"4,046 km",320 km,"1,752 m",0 m,26.5%,15.4%,58.1%,11.8%,2.8%,43.5%,950 sq km,Conakry,Republic,
GUINEA-BISSAU,2078820,36.25,7.32,3.54,58.99,6.06,3500.0,3.72,5.0,4.76,5.29,8.96,67.0,1312000.0,0.0,32050.0,10.0,"36,125 sq km","28,120 sq km","8,005 sq km",762 km,350 km,277 m,0 m,55.2%,0%,44.8%,8.2%,6.9%,29.7%,250 sq km,Bissau,Republic,16665
GUYANA,791739,16.74,6.95,6.99,17.64,20.06,21900.0,16.42,29.9,1.33,4.64,6.61,92.0,380000.0,110200.0,13720.0,2.0,"214,969 sq km","196,849 sq km","18,120 sq km","2,933 km",459 km,"2,775 m",0 m,77.4%,14.2%,8.4%,2.1%,0.1%,6.2%,"1,430 sq km",Georgetown,Republic,3995
HAITI,"11,334,637",22.31,7.23,-2.4,,,,,,,,,,,,,,"27,750 sq km","27,560 sq km",190 sq km,376 km,"1,771 km","2,680 m",0 m,3.6%,64.1%,66.4%,38.5%,10.2%,17.7%,970 sq km,,,
HEARD ISLAND AND MCDONALD ISLANDS,,,,,,,,,,,,,,,,,,412 sq km,412 sq km,0 sq km,0 km,101.9 km,"2,745 m",0 m,,100%,0%,,,,,,,
HOLY SEE (VATICAN CITY),1000,,,,,,,,,315.0,,,100.0,,,,,0 sq km,0.44 sq km,0 sq km,3.4 km,0 km,78 m,19 m,,100%,0%,,,,,Vatican City,Monarchy,
HONDURAS,9571352,17.64,4.69,1.32,57.27,12.53,5600.0,8.51,15.5,6.48,7.94,14.49,94.0,3991000.0,0.0,56120.0,8.0,"112,090 sq km","111,890 sq km",200 sq km,"1,575 km",823 km,"2,870 m",0 m,45.3%,25.9%,28.8%,9.1%,4%,15.7%,900 sq km,"Tegucigalpa; note - article eight of the Honduran constitution states that the twin cities of Tegucigalpa and Comayaguela, jointly,",Republic,14742
HONG KONG,7288167,7.85,8.03,1.65,,,,,15.0,,,,,,,,,"1,108 sq km","1,073 sq km",35 sq km,33 km,733 km,958 m,0 m,0%,95%,5%,3.2%,0.9%,0.9%,10 sq km,,Republic,
HUNGARY,9670009,8.58,12.89,1.21,326.19,7.12,33600.0,4.12,13.5,70.83,148.23,147.58,100.0,10873000.0,35200.0,82110.0,48.0,"93,028 sq km","89,608 sq km","3,420 sq km","2,106 km",0 km,"1,014 m",78 m,22.5%,18.6%,58.9%,48.5%,2%,8.4%,"1,010 sq km",Budapest,Republic,203601
ICELAND,360872,12.8,6.57,2.69,19.96,4.4,53600.0,5.4,13.4,11.78,9.78,10.23,100.0,2967000.0,0.0,20220.0,3.0,"103,000 sq km","100,250 sq km","2,750 sq km",0 km,"4,970 km","2,110 m",0 m,0.3%,81%,18.7%,1.2%,0%,17.5%,0.5 sq km,Reykjavik,Republic,12898
INDIA,1399179585,16.53,9.65,0.12,9279.0,8.68,6600.0,5.98,28.3,495.01,643.08,717.12,99.0,432768000.0,771400.0,653300.0,2314738000.0,"3,287,263 sq km","2,973,193 sq km","314,070 sq km","13,888 km","7,000 km","8,586 m",0 m,23.1%,16.4%,60.5%,52.8%,4.2%,3.5%,"715,539 sq km",New Delhi,Republic,"6,371,847"
INDIAN OCEAN,,,,,,,,,,,,,,,,,,70.56 million sq km,,,,"66,526 km",,"-7,192 m",,,,,,,,,,
INDONESIA,279476346,15.05,6.77,0.71,3246.0,3.69,11900.0,4.41,16.1,130.87,246.87,217.72,99.0,69065000.0,842300.0,591500.0,563.0,"1,904,569 sq km","1,811,569 sq km","93,000 sq km","2,958 km","54,716 km","4,884 m",0 m,51.7%,17.1%,31.2%,13%,12.1%,6.1%,"67,220 sq km",Jakarta; note - Indonesian lawmakers on 18 January 2022 approved the relocation of the country’s capital from Jakarta to a site on,Republic,496607
IRAN,87590873,14.79,5.2,0.3,1319.0,4.72,15000.0,11.46,27.2,60.71,101.4,76.39,100.0,80553000.0,3450300.0,64160.0,646.0,"1,648,195 sq km","1,531,595 sq km","116,600 sq km","5,894 km","2,440 km","5,625 m",-28 m,6.8%,63.1%,30.1%,10.8%,1.2%,18.1%,"79,721 sq km",Tehran,Republic,223485
IRAQ,41266109,24.22,3.88,0.98,390.17,2.78,9000.0,14.19,27.2,51.53,78.26,50.71,100.0,28369000.0,,255100.0,143.0,"438,317 sq km","437,367 sq km",950 sq km,"3,809 km",58 km,"3,611 m",0 m,1.9%,80%,18.1%,8.4%,0.5%,9.2%,"35,250 sq km",Baghdad,Republic,59623
IRELAND,5323991,12.08,6.74,3.76,515.88,13.59,102500.0,6.63,17.4,99.78,677.03,477.54,100.0,11430000.0,600.0,126600.0,35.0,"70,273 sq km","68,883 sq km","1,390 sq km",490 km,"1,448 km","1,041 m",0 m,10.9%,23%,66.1%,15.4%,0%,50.7%,0 sq km,Dublin,Republic,99830
ISLE OF MAN,91840,10.49,10.17,4.52,6.79,0.25,84600.0,1.1,10.1,965.0,,,100.0,,,,,572 sq km,572 sq km,0 sq km,0 km,160 km,621 m,0 m,6.1%,19.2%,74.7%,43.8%,0%,30.9%,,Douglas,Democracy,1107
ISRAEL,9043387,17.3,5.05,1.99,393.86,8.61,42100.0,5.05,8.8,139.37,143.88,124.58,100.0,18993000.0,0.0,98860.0,61.0,"21,937 sq km","21,497 sq km",440 sq km,"1,068 km",273 km,,-431 m,7.1%,69.1%,23.8%,13.7%,3.8%,6.3%,"2,159 sq km",Jerusalem; note - the US recognized Jerusalem as Israel’s capital in December 2017 without taking a position on the specific,Democracy,20391
ITALY,61021855,7.0,11.27,3.2,2478.0,6.74,41900.0,9.83,30.9,901.49,687.95,637.93,100.0,121442000.0,107700.0,422500.0,332.0,"301,340 sq km","294,140 sq km","7,200 sq km","1,836.4 km","7,600 km","4,748 m",0 m,31.4%,21.5%,47.1%,22.8%,8.6%,15.7%,"26,010 sq km",Rome,Republic,487700
JAMAICA,2820982,15.77,7.44,7.42,27.14,4.6,9600.0,9.18,26.1,4.03,4.38,7.41,100.0,1216000.0,3000.0,30580.0,10.0,"10,991 sq km","10,831 sq km",160 sq km,0 km,"1,022 km","2,256 m",0 m,31.1%,27.5%,41.4%,11.1%,9.2%,21.1%,250 sq km,Kingston,Democracy,22121
JAN MAYEN,,,,,,,,,,,,,,,,,,377 sq km,377 sq km,0 sq km,0 km,124.1 km,,0 m,,100%,0%,,,,0 sq km,,,
JAPAN,123719238,6.9,11.74,0.74,4940.0,1.0,39300.0,2.6,4.1,1714.0,756.0,721.0,100.0,306000000.0,3200.0,582500.0,1135887000.0,"377,915 sq km","364,485 sq km","13,430 sq km",0 km,"29,751 km","3,776 m",-4 m,68.5%,19%,12.5%,11.7%,0.8%,0%,"15,730 sq km",Tokyo,Monarchy,"1,218,772"
JERSEY,102785,12.31,7.75,1.5,5.57,1.0,56600.0,7.37,15.8,829.0,,,100.0,,,,450000.0,116 sq km,116 sq km,0 sq km,0 km,70 km,136 m,0 m,,34%,66%,66%,,,,Saint Helier,Democracy,576
JORDAN,11086716,22.37,3.47,10.99,102.82,2.23,9200.0,19.25,40.5,10.81,13.86,23.39,99.0,5644000.0,0.0,68460.0,23.0,"89,342 sq km","88,802 sq km",540 sq km,"1,744 km",26 km,"1,854 m",-431 m,1.1%,87.5%,11.4%,2%,1%,8.4%,833 sq km,Amman,Monarchy,7203
KAZAKHSTAN,19543464,14.92,8.05,0.39,496.13,4.3,26100.0,4.9,3.7,29.95,66.13,49.2,100.0,25022000.0,1864900.0,39120.0,263.0,"2,724,900 sq km","2,699,700 sq km","25,200 sq km","13,364 km",0 km,"7,010 m",-132 m,1.2%,21.4%,77.4%,8.9%,0%,68.5%,"18,099 sq km",Astana,Republic,96167
KENYA,57052004,26.01,4.95,0.19,251.43,7.52,4700.0,5.74,13.8,16.89,11.82,21.85,76.0,3304000.0,0.0,90620.0,17.0,"580,367 sq km","569,140 sq km","11,227 sq km","3,457 km",536 km,"5,199 m",0 m,6.1%,45.8%,48.1%,9.8%,0.9%,37.4%,"1,030 sq km",Nairobi,Republic,161452
KIRIBATI,115372,19.92,6.91,2.79,249.64,1.5,1900.0,30.6,22.5,281.0,10.75,201.98,92.0,11000.0,0.0,420.0,76000.0,811 sq km,811 sq km,0 sq km,0 km,"1,143 km",81 m,0 m,15%,43%,42%,2.5%,39.5%,0%,0 sq km,Tarawa,Republic,670
"KOREA, NORTH",26072217,14.06,9.66,0.04,40.0,-1.1,1700.0,2.59,6.1,3.2,222.0,2.32,52.0,8413000.0,0.0,8260.0,18.0,"120,538 sq km","120,408 sq km",130 sq km,"1,607 km","2,495 km","2,744 m",0 m,46%,32.2%,21.8%,19.5%,1.9%,0.4%,"14,600 sq km",Pyongyang,Other,25554
"KOREA, SOUTH",51966948,6.95,7.28,2.61,2289.0,4.15,44200.0,3.53,7.8,378.55,771.2,698.1,100.0,135789000.0,37400.0,908800.0,686.0,"99,720 sq km","96,920 sq km","2,800 sq km",237 km,"2,413 km","1,950 m",0 m,63.9%,18%,18.1%,15.3%,2.2%,0.6%,"7,780 sq km","Seoul; note - Sejong, located some 120 km",Republic,100428
KOSOVO,1964327,,,,21.23,10.75,11900.0,30.5,48.8,1.95,3.14,6.13,100.0,1424000.0,,14040.0,8.0,"10,887 sq km","10,887 sq km",0 sq km,714 km,0 km,"2,656 m",297 m,41.7%,5.5%,52.8%,27.4%,1.9%,23.5%,,Pristina,Republic,2012
KUWAIT,3103580,17.65,2.27,4.07,191.52,-8.86,43900.0,3.71,25.5,77.99,77.12,48.95,100.0,19371000.0,2720500.0,0.0,92.0,"17,818 sq km","17,818 sq km",0 sq km,475 km,499 km,300 m,0 m,0.4%,91.1%,8.5%,0.6%,0.3%,7.6%,100 sq km,Kuwait City,Monarchy,5749
KYRGYZSTAN,6122781,19.08,6.07,4.83,32.22,3.61,4800.0,9.1,19.3,2.88,3.35,5.92,99.0,4626000.0,700.0,34280.0,7.0,"199,951 sq km","191,801 sq km","8,150 sq km","4,573 km",0 km,"7,439 m",132 m,5.1%,39.5%,55.4%,6.7%,0.4%,48.3%,"10,043 sq km",Bishkek,Republic,34000
LAOS,7852377,20.35,6.26,1.09,58.26,2.53,7800.0,1.26,3.3,2.9,7.82,6.53,100.0,9346000.0,0.0,17460.0,40.0,"236,800 sq km","230,800 sq km","6,000 sq km","5,274 km",0 km,"2,817 m",70 m,67.9%,21.5%,10.6%,6.2%,0.7%,3.7%,"4,409 sq km",Vientiane,Communist,39586
LATVIA,1821750,8.5,14.69,5.06,60.46,4.07,32100.0,7.6,15.5,12.93,25.25,26.62,100.0,3089000.0,1600.0,54370.0,8.0,"64,589 sq km","62,249 sq km","2,340 sq km","1,370 km",498 km,312 m,0 m,54.1%,16.7%,29.2%,18.6%,0.1%,10.5%,6 sq km,Riga,Republic,70244
LEBANON,5331203,12.86,5.57,0.94,72.58,-7.0,13000.0,14.49,29.6,11.06,10.15,17.38,100.0,3768000.0,0.0,151100.0,25.0,"10,400 sq km","10,230 sq km",170 sq km,484 km,225 km,"3,088 m",0 m,13.4%,23.3%,63.3%,11.9%,12.3%,39.1%,"1,040 sq km",Beirut,Republic,21705
LESOTHO,2210646,23.01,10.9,4.52,5.24,1.35,2300.0,24.6,37.4,1.05,1.08,2.22,50.0,74000.0,0.0,5118.0,736000.0,"30,355 sq km","30,355 sq km",0 sq km,"1,106 km",0 km,"3,482 m","1,400 m",1.5%,22.4%,76.1%,10.1%,0.1%,65.9%,12 sq km,Maseru,Monarchy,5940
LIBERIA,5506280,36.26,6.46,2.67,7.39,4.99,1400.0,4.09,3.2,5.0,554.01,1.24,29.0,196000.0,0.0,8181.0,1.0,"111,369 sq km","96,320 sq km","15,049 sq km","1,667 km",579 km,"1,447 m",0 m,44.6%,27.3%,28.1%,5.2%,2.1%,20.8%,30 sq km,Monrovia,Republic,10600
LIBYA,7252573,20.88,3.45,2.05,147.94,31.37,22000.0,19.58,50.5,28.0,9.54,14.33,70.0,10516000.0,1252800.0,168200.0,38.0,"1,759,540 sq km","1,759,540 sq km",0 sq km,"4,339 km","1,770 km","2,267 m",-47 m,0.1%,91.1%,8.8%,1%,0.2%,7.6%,"4,700 sq km",Tripoli,Other,37000
LIECHTENSTEIN,39993,10.3,8.05,4.78,618.23,4.22,71000.0,5.32,9.1,239.77,571.38,480.52,100.0,22921000.0,300.0,165100.0,38.0,160 sq km,160 sq km,0 sq km,75 km,0 km,"2,599 m",430 m,43.1%,19.3%,37.6%,18.8%,0%,18.8%,0 sq km,Vaduz,Monarchy,71557
LITHUANIA,2655755,9.09,15.17,4.34,110.09,5.98,39300.0,7.9,19.0,18.64,53.4,50.38,100.0,3512000.0,4000.0,42490.0,14.0,"65,300 sq km","62,680 sq km","2,620 sq km","1,545 km",90 km,294 m,0 m,34.6%,20.6%,44.8%,34.9%,0.5%,9.4%,16 sq km,,,84166
LUXEMBOURG,660924,11.59,7.17,11.39,74.05,5.1,115700.0,5.23,15.2,31.74,177.83,148.15,100.0,1899000.0,0.0,59020.0,11.0,"2,586 sq km","2,586 sq km",0 sq km,327 km,0 km,559 m,133 m,33.5%,15.8%,50.7%,24%,0.6%,26.1%,0 sq km,Luxembourg,Monarchy,2875
MACAU,639971,8.82,4.81,3.13,44.49,19.27,64800.0,3.01,9.2,18.12,26.62,22.79,100.0,478000.0,0.0,14180.0,2.0,28 sq km,28.2 sq km,0 sq km,3 km,41 km,172 m,0 m,,100%,0%,,,,0 sq km,,Republic,428
MADAGASCAR,28812195,28.14,5.92,0.0,42.32,4.4,1500.0,2.59,4.8,1.51,3.34,4.77,35.0,587000.0,0.0,18880.0,4.0,"587,041 sq km","581,540 sq km","5,501 sq km",0 km,"4,828 km","2,876 m",0 m,21.5%,7.4%,71.1%,6%,1%,64.1%,"10,860 sq km",Antananarivo,Republic,31640
MALAWI,21279597,27.29,4.51,0.0,29.66,2.75,1500.0,7.02,9.9,1.63,1.54,3.58,14.0,618000.0,0.0,4769.0,1.0,"118,484 sq km","94,080 sq km","24,404 sq km","2,857 km",0 km,"3,002 m",37 m,34%,6.8%,59.2%,38.2%,1.4%,19.6%,740 sq km,Lilongwe,Republic,15452
MALAYSIA,34219975,14.39,5.72,1.46,884.11,3.09,26300.0,4.61,15.6,77.74,256.66,230.19,100.0,34959000.0,593800.0,304600.0,254.0,"329,847 sq km","328,657 sq km","1,190 sq km","2,742 km","4,675 km","4,095 m",0 m,62%,14.8%,23.2%,2.9%,19.4%,0.9%,"4,420 sq km",Kuala Lumpur; note - nearby Putrajaya is referred to as a federal government administrative center but not the capital; Parliament,Monarchy,144403
MALDIVES,389568,15.33,4.2,12.8,9.79,41.75,18800.0,6.08,17.7,993.0,3.95,3.5,100.0,545000.0,0.0,10840.0,2.0,298 sq km,298 sq km,0 sq km,0 km,644 km,5 m,0 m,3%,73.7%,23.3%,10%,10%,3.3%,0 sq km,Male,Republic,93
MALI,21359722,40.54,8.3,2.99,46.45,3.05,2100.0,7.72,17.3,2.66,5.2,6.34,53.0,890000.0,0.0,20610.0,5.0,"1,240,192 sq km","1,220,190 sq km","20,002 sq km","7,908 km",0 km,"1,155 m",23 m,10.2%,55.7%,34.1%,5.6%,0.1%,28.4%,"3,780 sq km",Bamako,Republic,139107
MALTA,467138,9.59,8.61,4.96,23.16,10.3,44700.0,3.5,9.8,5.66,22.11,21.36,100.0,784000.0,0.0,52290.0,9.0,316 sq km,316 sq km,0 sq km,0 km,196.8 km,253 m,0 m,0.9%,66.8%,32.3%,28.4%,3.9%,0%,35 sq km,Valletta,Republic,3096
MARSHALL ISLANDS,80966,21.61,4.3,4.31,250.69,1.11,6000.0,36.0,26.0,148.0,1.37,10.7,99.0,,,2060.0,293700.0,181 sq km,181 sq km,0 sq km,0 km,370.4 km,14 m,0 m,49.3%,0%,50.7%,7.8%,31.2%,11.7%,0 sq km,Majuro; note - the capital is an atoll of 64 islands; governmental buildings are housed on three fused islands on the eastern side of the,Other,2028
MAURITANIA,4244878,27.61,7.33,0.71,24.49,2.45,5300.0,11.46,23.0,1.62,3.18,4.31,47.0,656000.0,0.0,17290.0,4.0,"1,030,700 sq km","1,030,700 sq km",0 sq km,"5,002 km",754 km,915 m,-5 m,0.2%,61.3%,38.5%,0.4%,0%,38.1%,450 sq km,Nouakchott,Republic,12253
MAURITIUS,1309448,9.82,8.95,0.0,,,,,25.3,,,,,,,,,"2,040 sq km","2,030 sq km",10 sq km,0 km,177 km,828 m,0 m,17.3%,38.9%,43.8%,38.4%,2%,3.4%,158 sq km,Port Louis,Republic,
MEXICO,129875529,13.95,7.07,0.77,2418.0,4.72,19100.0,4.38,8.1,264.26,522.24,544.75,100.0,93430000.0,1905500.0,867500.0,463.0,"1,964,375 sq km","1,943,945 sq km","20,430 sq km","4,389 km","9,330 km","5,636 m",-10 m,33.3%,11.8%,54.9%,11.8%,1.4%,41.7%,"60,620 sq km",Mexico City,Republic,704884
"MICRONESIA, FEDERATED STATES OF",100319,18.12,4.2,20.92,375.06,-3.19,3300.0,16.2,18.9,320.0,179.0,126.0,83.0,,,,177000.0,702 sq km,702 sq km,0 sq km,0 km,"6,112 km",782 m,0 m,74.5%,0%,25.5%,2.3%,19.7%,3.5%,0 sq km,Palikir,Republic,
MOLDOVA,3250532,9.94,12.51,8.8,36.64,13.94,14000.0,3.96,8.6,3.58,4.2,7.92,100.0,594000.0,0.0,18160.0,8.0,"33,851 sq km","32,891 sq km",960 sq km,"1,885 km",0 km,430 m,2 m,11.9%,13.2%,74.9%,55.1%,9.1%,10.7%,"2,155 sq km",Chisinau in Romanian,Republic,9352
MONACO,31597,6.61,10.92,10.89,7.67,21.55,115700.0,2.0,26.6,896.3,964.6,1.37,100.0,,,,,2 sq km,2 sq km,0 sq km,6 km,4.1 km,162 m,0 m,0%,99%,1%,0%,1%,0%,0 sq km,Monaco,Monarchy,
MONGOLIA,3255468,15.37,6.33,0.77,39.06,1.64,11700.0,7.08,21.0,3.7,8.95,9.26,100.0,1479000.0,16700.0,24190.0,22.0,"1,564,116 sq km","1,553,556 sq km","10,560 sq km","8,082 km",0 km,"4,374 m",560 m,7%,20%,73%,0.4%,0%,72.6%,602 sq km,Ulaanbaatar,Republic,113200
MONTENEGRO,602445,11.04,10.3,4.99,12.76,12.43,20600.0,18.49,31.6,2.05,2.5,3.64,99.0,1006999.0,0.0,6448.0,2.0,"13,812 sq km","13,452 sq km",360 sq km,680 km,293.5 km,"2,534 m",0 m,40.4%,21.4%,38.2%,12.9%,1.2%,24.1%,24 sq km,Podgorica; note - Cetinje retains the status of “Old Royal Capital”,Republic,7762
MONTSERRAT,5440,10.66,6.07,0.0,,,,,,,,,,,,,,102 sq km,102 sq km,0 sq km,0 km,40 km,,0 m,25%,45%,30%,20%,0%,10%,0 sq km,,,
MOROCCO,37067420,17.1,6.61,1.73,303.34,7.93,8100.0,11.47,27.2,30.7,47.08,60.05,100.0,14187000.0,0.0,229300.0,60.0,"716,550 sq km","716,300 sq km",250 sq km,"3,523.5 km","2,945 km","4,165 m",-59 m,11.5%,21%,67.5%,17.5%,2.9%,47.1%,"17,645 sq km",Rabat,Monarchy,57300
MOZAMBIQUE,32513805,36.94,9.93,1.54,39.35,2.36,1200.0,3.98,8.1,4.57,6.4,10.39,31.0,2765000.0,0.0,25130.0,7.0,"799,380 sq km","786,380 sq km","13,000 sq km","4,783 km","2,470 km","2,436 m",0 m,43.7%,0%,56.3%,6.4%,0.3%,49.6%,"1,180 sq km",Maputo,Republic,31083
NAMIBIA,"2,727,409",25.3,7.3,0.0,,,,,,,,,,,,,,"824,292 sq km","823,290 sq km","1,002 sq km","4,220 km","1,572 km","2,573 m",0 m,8.8%,44%,47.2%,1%,0%,46.2%,80 sq km,,,
NAURU,9852,20.71,6.39,10.15,149.47,1.5,11900.0,23.0,26.6,195.0,187.0,94.2,100.0,15000.0,0.0,449.0,66000.0,21 sq km,21 sq km,0 sq km,0 km,30 km,70 m,0 m,0%,80%,20%,0%,20%,0%,0 sq km,no official capital; government offices in the Yaren District,Republic,30
NAVASSA ISLAND,,,,,,,,,,,,,,,,,,5 sq km,5.4 sq km,0 sq km,0 km,8 km,200 m,0 m,,100%,,,,,,,,
NEPAL,30899443,17.26,5.59,4.29,115.09,4.25,3800.0,5.05,9.5,7.3,2.52,16.99,89.0,1392000.0,0.0,26120.0,7.0,"147,181 sq km","143,351 sq km","3,830 sq km","3,159 km",0 km,"8,849 m",70 m,25.4%,45.8%,28.8%,15.1%,1.2%,12.5%,"13,320 sq km",Kathmandu,Republic,27990
NETHERLANDS,17463930,10.98,9.27,1.89,992.67,4.86,56600.0,4.01,9.6,396.69,839.6,735.7,100.0,43409000.0,76100.0,,214.0,"41,543 sq km","33,893 sq km","7,650 sq km","1,053 km",451 km,,-7 m,10.8%,34.1%,55.1%,29.8%,1.1%,24.2%,"2,969 sq km",Amsterdam; note - The Hague is the seat of government,Monarchy,139124
NEW CALEDONIA,300682,13.96,5.92,3.62,10.27,2.0,35700.0,16.57,41.0,2.0,1.92,2.26,100.0,1071000.0,0.0,19100.0,5.0,"18,575 sq km","18,275 sq km",300 sq km,0 km,"2,254 km","1,628 m",0 m,45.9%,43.7%,10.4%,0.4%,0.2%,9.8%,100 sq km,Noumea,Democracy,5622
NEW ZEALAND,"5,223,100",12.0,7.9,4.4,,,,,,,,,,,,,,"268,838 sq km","264,537 sq km","4,301 sq km",0 km,"15,134 km","3,764 m",0 m,31.4%,25.4%,43.2%,1.8%,0.3%,41.1%,"7,000 sq km",,,
NICARAGUA,6359689,16.3,5.19,2.04,38.63,10.34,5600.0,5.96,11.6,3.45,6.62,8.31,86.0,1837000.0,200.0,20120.0,4.0,"130,370 sq km","119,990 sq km","10,380 sq km","1,253 km",910 km,"2,085 m",0 m,25.3%,32.5%,42.2%,12.5%,2.5%,27.2%,"1,990 sq km",Managua,Republic,23897
NIGER,25396840,46.86,9.66,0.62,29.96,1.39,1200.0,0.75,1.0,2.33,1.34,3.54,18.0,324000.0,8000.0,3799.0,2.0,1.267 million sq km,"1,266,700 sq km",300 sq km,"5,834 km",0 km,"2,022 m",200 m,1%,63.9%,35.1%,12.3%,0.1%,22.7%,"2,666 sq km",Niamey,Republic,18949
NIGERIA,230842743,34.0,8.52,0.21,1050.0,3.65,4900.0,9.79,19.6,37.3,50.86,66.11,59.0,11691000.0,1646900.0,223400.0,104.0,"923,768 sq km","910,768 sq km","13,000 sq km","4,477 km",853 km,"2,419 m",0 m,9.5%,12.5%,78%,37.3%,7.4%,33.3%,"2,930 sq km",Abuja,Republic,195000
NIUE,2000,,,,18.7,6.2,11100.0,12.0,,15.07,5.68,43.8,,3000.0,0.0,54.0,8000.0,260 sq km,260 sq km,0 sq km,0 km,64 km,80 m,0 m,71.2%,9.7%,19.1%,3.8%,11.5%,3.8%,0 sq km,Alofi,Democracy,234
NORFOLK ISLAND,1748,,,,,,,,,4.6,,,,,,,,36 sq km,36 sq km,0 sq km,0 km,32 km,319 m,0 m,11.5%,63.5%,25%,0%,0%,25%,0 sq km,Kingston,Territory,80
NORTH MACEDONIA,2133410,10.33,9.61,0.38,34.01,3.96,16500.0,16.2,34.1,3.5,9.16,11.35,100.0,1928000.0,0.0,23560.0,7.0,"25,713 sq km","25,433 sq km",280 sq km,838 km,0 km,"2,764 m",50 m,39.8%,15.9%,44.3%,16.4%,1.4%,26.5%,844 sq km,Skopje,Republic,14182
NORTHERN MARIANA ISLANDS,51295,15.6,5.58,13.51,1.24,-11.14,24500.0,11.2,,389.6,914.0,893.0,100.0,,0.0,,0.0,464 sq km,464 sq km,0 sq km,0 km,"1,482 km",965 m,0 m,65.5%,27.9%,6.6%,2.2%,2.2%,2.2%,1 sq km,Saipan,Republic,536
NORWAY,5597924,11.89,7.93,3.89,368.15,3.3,67500.0,4.99,13.0,185.34,199.07,140.44,100.0,38360000.0,,135300.0,36.0,"323,802 sq km","304,282 sq km","19,520 sq km","2,566 km","25,148 km","2,469 m",0 m,27.8%,69.5%,2.7%,2.2%,0%,0.5%,337 sq km,Oslo,Monarchy,94902
OMAN,3833465,21.62,3.21,0.46,155.03,3.09,34300.0,3.12,14.6,29.33,46.32,36.5,100.0,8601000.0,978800.0,6041.0,76.0,"309,500 sq km","309,500 sq km",0 sq km,"1,561 km","2,092 km","3,004 m",0 m,0%,95.3%,4.7%,0.1%,0.1%,4.5%,"1,079 sq km",Muscat,Monarchy,60230
PACIFIC OCEAN,,,,,,,,,,,,,,,,,,168.723 million sq km,,,,"135,663 km",,"-10,924 m",,,,,,,,,,
PAKISTAN,247653551,26.01,5.94,1.01,1211.0,6.49,5200.0,4.35,9.4,38.97,35.57,76.39,94.0,39925000.0,100700.0,264500.0,193.0,"796,095 sq km","770,875 sq km","25,220 sq km","7,257 km","1,046 km","8,611 m",0 m,2.1%,62.7%,35.2%,27.6%,1.1%,6.5%,"193,400 sq km",Islamabad,Republic,264175
PALAU,21779,11.57,8.31,0.64,248.47,-13.33,13800.0,1.7,5.6,122.0,12.07,180.38,100.0,,,,,459 sq km,459 sq km,0 sq km,0 km,"1,519 km",242 m,0 m,87.6%,1.6%,10.8%,2.2%,4.3%,4.3%,0 sq km,Ngerulmud,Republic,125
PANAMA,4404108,17.71,5.88,3.22,126.35,15.34,29000.0,12.09,30.0,9.74,27.24,24.63,95.0,4106000.0,0.0,129200.0,25.0,"75,420 sq km","74,340 sq km","1,080 sq km",687 km,"2,490 km","3,475 m",0 m,43.6%,25.9%,30.5%,7.3%,2.5%,20.7%,407 sq km,Panama City,Republic,
PAPUA NEW GUINEA,9819350,28.54,5.48,0.0,36.59,0.3,3700.0,2.75,5.3,4.04,11.0,4.25,20.0,1139000.0,37200.0,17110.0,6.0,"462,840 sq km","452,860 sq km","9,980 sq km",824 km,"5,152 km","4,509 m",0 m,63.1%,34.3%,2.6%,0.7%,1.5%,0.4%,0 sq km,Port Moresby,Democracy,9349
PARACEL ISLANDS,1440,,,,,,,,,,,,,,,,,8 sq km,7.75 sq km,0 sq km,0 km,518 km,14 m,0 m,,100%,,,,,0 sq km,,,
PARAGUAY,7439863,16.15,4.9,0.07,91.76,4.1,13700.0,7.21,16.3,7.27,14.15,13.45,100.0,8831000.0,2000.0,40760.0,7.0,"406,752 sq km","397,302 sq km","9,450 sq km","4,655 km",0 km,842 m,46 m,43.8%,2.4%,53.8%,10.8%,0.2%,42.8%,"1,362 sq km",Asuncion,Republic,78811
PERU,32440172,16.96,11.04,0.89,421.94,13.35,12500.0,4.83,11.2,45.98,66.1,58.61,95.0,15340000.0,122500.0,65400.0,54.0,"1,285,216 sq km","1,279,996 sq km","5,220 sq km","7,062 km","2,414 km","6,746 m",0 m,53%,28.2%,18.8%,3.1%,1.1%,14.6%,"25,800 sq km",Lima,Republic,18699
PHILIPPINES,"109,035,343",23.69,6.12,-1.88,921.83,5.7,8100.0,2.41,7.3,71.17,87.79,126.51,97.0,27885000.0,10300.0,211400.0,142.0,"300,000 sq km","298,170 sq km","1,830 sq km",0 km,"36,289 km","2,954 m",0 m,25.9%,33.1%,41%,18.2%,17.8%,5%,"16,270 sq km",,,
PITCAIRN ISLANDS,50,,,,,,,,,746000.0,,,,,,,,47 sq km,47 sq km,0 sq km,0 km,51 km,347 m,0 m,74.5%,25.5%,0%,,,,0 sq km,Adamstown,Democracy,
POLAND,37991766,8.31,10.75,0.34,1318.0,6.85,34900.0,3.37,13.4,244.49,411.62,380.7,100.0,47269000.0,28400.0,222300.0,304.0,"312,685 sq km","304,255 sq km","8,430 sq km","2,865 km",440 km,"2,499 m",-2 m,30.6%,21.2%,48.2%,36.2%,1.3%,10.7%,760 sq km,Warsaw,Republic,420000
PORTUGAL,10223150,7.99,10.9,1.2,347.69,5.48,33700.0,6.65,23.1,102.05,105.65,112.41,100.0,22364000.0,8000.0,78700.0,50.0,"92,090 sq km","91,470 sq km",620 sq km,"1,224 km","1,793 km","2,351 m",0 m,37.8%,22.5%,39.7%,11.9%,7.8%,20%,"5,662 sq km",Lisbon,Republic,82900
PUERTO RICO,3057311,7.84,10.0,10.76,106.5,0.21,32600.0,8.27,18.5,9.27,73.17,49.01,100.0,6180000.0,0.0,127100.0,18.0,"9,104 sq km","8,959 sq km",145 sq km,0 km,501 km,"1,338 m",0 m,63.2%,14.8%,22%,6.6%,5.6%,9.8%,220 sq km,San Juan,Republic,26862
QATAR,2532104,9.27,1.42,0.78,249.64,1.59,92900.0,0.26,1.1,65.92,105.55,61.2,100.0,10633000.0,1815100.0,12300.0,111.0,"11,586 sq km","11,586 sq km",0 sq km,87 km,563 km,103 m,0 m,0%,94.4%,5.6%,1.1%,0.2%,4.3%,130 sq km,Doha,Monarchy,7039
ROMANIA,18326327,8.63,14.92,3.86,588.45,5.1,30800.0,5.17,20.6,72.19,115.88,132.06,100.0,20528000.0,74000.0,49420.0,68.0,"238,391 sq km","229,891 sq km","8,500 sq km","2,844 km",225 km,"2,544 m",0 m,28.7%,10.6%,60.7%,39.1%,1.9%,19.7%,"4,730 sq km",Bucharest,Republic,84185
RUSSIA,141698923,9.22,13.27,1.7,4078.0,4.75,28000.0,5.01,16.9,604.13,550.03,379.95,100.0,255000000.0,10850000.0,45000.0,1985000000.0,"17,098,242 sq km","16,377,742 sq km","720,500 sq km","22,407 km","37,653 km","5,642 m",-28 m,49.4%,37.5%,13.1%,7.3%,0.1%,5.7%,"43,000 sq km",Moscow,Other,"1,283,387"
RWANDA,13400541,25.7,5.77,3.16,30.14,10.88,2200.0,1.61,2.9,2.39,2.11,3.86,48.0,265000.0,0.0,6628.0,1.0,"26,338 sq km","24,668 sq km","1,670 sq km",930 km,0 km,"4,519 m",950 m,18%,7.5%,74.5%,47%,10.1%,17.4%,96 sq km,Kigali,Republic,4700
SAINT BARTHELEMY,7093,9.3,9.2,1.3,,,,,,,,,100.0,,,,,25 sq km,25 sq km,negligible,0 km,,286 m,0 m,,,,,,,,Gustavia,Democracy,40
"SAINT HELENA, ASCENSION, AND TRISTAN DA CUNHA",7935,9.3,8.2,0.0,31.1,,7800.0,14.0,,8.43,19.0,20.53,100.0,8000.0,0.0,65.0,13000.0,394 sq km,122 sq km,0 sq km,0 km,60 km,,0 m,5.1%,64.1%,30.8%,10.3%,0%,20.5%,0 sq km,Jamestown,Democracy,198
SAINT KITTS AND NEVIS,54817,12.1,7.3,1.2,1.26,-0.88,26500.0,4.5,,286.0,408.47,441.19,100.0,71000.0,0.0,1743.0,268000.0,261 sq km,261 sq km,0 sq km,0 km,135 km,"1,156 m",0 m,42.3%,34.6%,23.1%,19.2%,0.4%,3.5%,8 sq km,Basseterre,Democracy,383
SAINT LUCIA,167591,11.7,8.2,0.8,2.34,12.23,13000.0,16.91,38.7,350.0,890.72,846.48,100.0,92000.0,0.0,3113.0,659000.0,616 sq km,606 sq km,10 sq km,0 km,158 km,948 m,0 m,77%,5.6%,17.4%,4.9%,11.5%,1%,30 sq km,Castries,Democracy,1210
SAINT MARTIN,32897,14.0,4.7,6.2,561.5,,19300.0,,,,,,100.0,,,,,50 sq km,50 sq km,negligible,16 km,58.9 km,424 m,0 m,,,,,,,,Marigot,Democracy,
SAINT PIERRE AND MIQUELON,5195,6.5,11.4,7.1,261.3,,46200.0,8.7,,70.0,6.64,95.35,,26000.0,0.0,650.0,84000.0,242 sq km,242 sq km,0 sq km,0 km,120 km,240 m,0 m,12.5%,78.8%,8.7%,8.7%,0%,0%,0 sq km,Saint-Pierre,Democracy,117
SAINT VINCENT AND THE GRENADINES,100804,12.1,7.6,6.1,1.43,1.35,13700.0,21.62,41.1,243.0,125.78,415.73,100.0,49000.0,0.0,1621.0,202000.0,389 sq km,389 sq km,0 sq km,0 km,84 km,"1,234 m",0 m,68.7%,5.7%,25.6%,12.8%,7.7%,5.1%,10 sq km,Kingstown,Democracy,
SAMOA,207501,19.0,5.4,7.2,1.21,-7.08,5500.0,9.84,19.7,313.0,97.77,430.01,98.0,50000.0,0.0,2363.0,355000.0,"2,831 sq km","2,821 sq km",10 sq km,0 km,403 km,"1,857 m",0 m,60.4%,27.2%,12.4%,2.8%,7.8%,1.8%,0 sq km,Apia,Republic,1150
SAN MARINO,34892,8.9,8.8,5.9,1.92,-6.65,56400.0,8.1,27.4,371.0,3.83,2.55,100.0,,,,,61 sq km,61 sq km,0 sq km,37 km,0 km,739 m,55 m,0%,83.3%,16.7%,16.7%,0%,0%,0 sq km,San Marino,Republic,292
SAO TOME AND PRINCIPE,220372,27.4,6.1,6.8,904.06,1.88,4100.0,15.91,22.9,95.0,75.26,201.15,78.0,28000.0,0.0,1027.0,173000.0,964 sq km,964 sq km,0 sq km,0 km,209 km,"2,024 m",0 m,28.1%,21.2%,50.7%,9.1%,40.6%,1%,100 sq km,Sao Tome,Republic,1300
SAUDI ARABIA,35939806,13.9,3.5,6.1,1594.0,3.24,44300.0,7.36,28.8,247.09,286.5,213.02,100.0,76785000.0,10815700.0,609600.0,579000000.0,"2,149,690 sq km","2,149,690 sq km",0 sq km,"4,272 km","2,640 km","3,000 m",0 m,0.5%,18.8%,80.7%,1.5%,0.1%,79.1%,"11,910 sq km",Riyadh,Monarchy,221372
SENEGAL,18384660,30.8,5.0,0.7,35.73,3.9,2600.0,6.34,8.2,1.95,10.27,5.35,46.0,992000.0,0.0,18460.0,2.0,"196,722 sq km","192,530 sq km","4,192 sq km","2,684 km",531 km,648 m,0 m,43.8%,9.4%,46.8%,17.4%,0.3%,29.1%,"1,200 sq km",Dakar,Republic,44301
SERBIA,6693375,8.9,15.1,0.0,135.53,7.55,19800.0,11.81,30.4,21.86,33.73,39.04,100.0,8986000.0,15200.0,18720.0,47.0,"77,474 sq km","77,474 sq km",0 sq km,"2,322 km",0 km,"2,169 m",35 m,31.6%,10.5%,57.9%,37.7%,3.4%,16.8%,520 sq km,Belgrade,Republic,44248
SEYCHELLES,97617,12.1,6.9,0.8,2.85,7.86,28800.0,3.0,16.5,601.0,1.75,1.82,100.0,157000.0,0.0,7225.0,1.0,455 sq km,455 sq km,0 sq km,0 km,491 km,905 m,0 m,88.5%,5%,6.5%,2.2%,4.3%,0%,3 sq km,Victoria,Republic,526
SIERRA LEONE,8908040,31.5,9.1,1.7,13.6,4.1,1600.0,5.33,10.8,740.0,700.97,1.42,27.0,180000.0,0.0,6439.0,899000.0,"71,740 sq km","71,620 sq km",120 sq km,"1,093 km",402 km,"1,948 m",0 m,37.5%,6.3%,56.2%,23.4%,2.3%,30.5%,300 sq km,Freetown,Republic,11701
SINGAPORE,5975383,8.9,4.2,4.2,578.25,7.61,106000.0,3.62,9.1,59.97,733.78,609.28,100.0,12240000.0,0.0,,238.0,719 sq km,709.2 sq km,10 sq km,0 km,193 km,166 m,0 m,3.3%,95.7%,1%,0.9%,0.1%,0%,0 sq km,Singapore,Republic,3500
SINT MAARTEN,45677,12.4,6.2,5.8,1.44,-6.6,35300.0,12.0,,,787.98,992.66,100.0,,,10440.0,,34 sq km,34 sq km,0 sq km,16 km,58.9 km,383 m,0 m,,,,,,,,Philipsburg,Democracy,53
SLOVAKIA,5425319,10.3,11.5,0.0,173.58,3.01,31900.0,6.74,21.5,43.49,107.43,107.36,100.0,7868000.0,3800.0,38340.0,32.0,"49,035 sq km","48,105 sq km",930 sq km,"1,587 km",0 km,"2,655 m",94 m,40.2%,19.7%,40.1%,28.9%,0.4%,10.8%,211 sq km,Bratislava,Republic,56926
SLOVENIA,2099790,8.1,10.5,1.5,84.4,8.21,40000.0,4.42,13.9,23.73,51.63,47.66,100.0,4062000.0,0.0,93060.0,13.0,"20,273 sq km","20,151 sq km",122 sq km,"1,211 km",46.6 km,"2,864 m",0 m,62.3%,14.9%,22.8%,8.4%,1.3%,13.1%,39 sq km,Ljubljana,Republic,38985
SOLOMON ISLANDS,714766,22.3,4.0,1.5,1.7,-0.2,2400.0,1.03,1.9,514.0,413.66,619.46,76.0,40000.0,0.0,1577.0,333000.0,"28,896 sq km","27,986 sq km",910 sq km,0 km,"5,313 km","2,335 m",0 m,78.9%,17.2%,3.9%,0.7%,2.9%,0.3%,0 sq km,Honiara,Democracy,1390
SOMALIA,12693796,37.7,11.4,1.4,19.4,4.05,1100.0,19.86,34.7,145.3,819.0,94.43,49.0,91000.0,0.0,5590.0,882000.0,"637,657 sq km","627,337 sq km","10,320 sq km","2,385 km","3,025 km","2,460 m",0 m,10.6%,19.1%,70.3%,1.8%,0%,68.5%,"2,000 sq km",Mogadishu,Republic,15000
SOUTH AFRICA,58048332,18.3,7.2,0.3,790.62,4.91,13300.0,33.56,64.2,84.19,130.88,104.81,89.0,62728000.0,97900.0,195200.0,470.0,"1,219,090 sq km","1,214,470 sq km","4,620 sq km","5,244 km","2,798 km","3,450 m",0 m,7.6%,13%,79.4%,9.9%,0.3%,69.2%,"16,700 sq km",Pretoria,Republic,750000
SOUTH GEORGIA AND SOUTH SANDWICH ISLANDS,,,,5.9,,,,,,,,,,,,,,"3,903 sq km","3,903 sq km",0 sq km,0 km,,"2,934 m",0 m,,100%,,,,,0 sq km,,,
SOUTH SUDAN,12118379,37.1,9.2,20.0,20.01,-5.2,1600.0,13.91,21.0,1.94,4.65,4.04,7.0,121000.0,157100.0,7160.0,1.0,"644,329 sq km",,,"6,018 km",0 km,"3,187 m",381 m,11.3%,43.5%,45%,4.4%,,40.7%,"1,000 sq km",Juba,Republic,90200
SOUTHERN OCEAN,,,,,,,,,,,,,,,,,,21.96 million sq km,,,,"17,968 km",,"-7,434 m",,,,,,,,,,
SPAIN,"47,222,613",7.1,10.1,4.2,167.4,7.4,34000.0,5.6,,66.67,11.9,15.3,100.0,5000.0,0.0,406.0,33000.0,"505,370 sq km","498,980 sq km","6,390 sq km","1,952.7 km","4,964 km","3,718 m",0 m,36.8%,25.1%,54.1%,24.9%,9.1%,20.1%,"38,000 sq km",,,"683,175"
SPRATLY ISLANDS,,,,,,,,,,,,,,,,,,,,,,,,,,,,,,,,,,
SRI LANKA,23326272,14.6,7.4,1.5,296.6,3.33,13400.0,5.39,26.1,10.62,13.08,18.27,100.0,4527000.0,0.0,66280.0,23.0,"65,610 sq km","64,630 sq km",980 sq km,0 km,"1,340 km","2,524 m",0 m,29.4%,27.1%,43.5%,20.7%,15.8%,7%,"5,700 sq km",Colombo,Republic,114093
SUDAN,49197555,33.3,6.2,1.6,168.98,-1.87,3700.0,19.81,35.6,3.48,5.92,9.79,61.0,4354000.0,66900.0,24340.0,17.0,"1,861,484 sq km","1,731,671 sq km","129,813 sq km","6,819 km",853 km,"3,042 m",0 m,0%,0%,100%,15.7%,0.2%,84.2%,"15,666 sq km",Khartoum,Republic,31000
SURINAME,639759,15.2,6.6,2.5,9.05,-2.73,14800.0,10.06,30.5,863.0,2.3,1.88,98.0,542000.0,14800.0,10700.0,2.0,"163,820 sq km","156,000 sq km","7,820 sq km","1,907 km",386 km,"1,230 m",-2 m,94.6%,4.9%,0.5%,0.4%,0%,0.1%,600 sq km,Paramaribo,Republic,4304
SVALBARD,2926,,,5.57,,,,,,,,,,,,18600.0,,"62,045 sq km","62,045 sq km",0 sq km,0 km,"3,587 km","1,717 m",0 m,,100%,0%,,,,,Longyearbyen,Territory,40
SWEDEN,10536338,10.8,9.5,3.8,574.88,2.6,54800.0,8.66,24.5,259.17,290.79,263.27,100.0,43499000.0,10600.0,229600.0,48.0,"450,295 sq km","410,335 sq km","39,960 sq km","2,211 km","3,218 km","2,100 m",-2.4 m,68.7%,23.8%,7.5%,6.4%,0%,1.1%,519 sq km,Stockholm,Monarchy,573134
SWITZERLAND,8563760,10.2,8.4,6.0,,,,,9.1,,,,,,,,,"41,277 sq km","39,997 sq km","1,280 sq km","1,770 km",0 km,"4,634 m",195 m,31.5%,29.8%,38.7%,10.2%,0.6%,27.9%,327 sq km,Bern,Republic,
SYRIA,22933531,22.2,4.1,45.8,50.28,-3.87,2900.0,10.57,26.2,1.16,1.85,6.28,88.0,10082000.0,80800.0,38080.0,26.0,"187,437 sq km","185,887 sq km","1,550 sq km","2,363 km",193 km,"2,814 m",-66 m,2.7%,21.5%,75.8%,25.4%,5.8%,44.6%,"13,100 sq km",Damascus,Republic,69873
TAIWAN,23588613,7.3,8.0,1.0,1143.0,2.71,47800.0,3.73,,94.94,388.49,308.74,,57738000.0,800.0,418300.0,279.0,"35,980 sq km","32,260 sq km","3,720 sq km",0 km,"1,566.3 km","3,952 m",0 m,,77.3%,22.7%,16.9%,5.8%,,"3,820 sq km",Taipei,Republic,43206
TAJIKISTAN,9245937,26.4,4.9,2.0,38.06,9.2,3900.0,7.75,17.4,2.22,2.16,4.26,99.0,7114000.0,300.0,22460.0,7.0,"144,100 sq km","141,510 sq km","2,590 sq km","4,130 km",0 km,"7,495 m",300 m,2.9%,62.4%,34.7%,6.1%,0.9%,27.7%,"5,690 sq km",Dushanbe,Republic,30000
TANZANIA,65642682,32.9,5.0,0.4,159.33,4.28,2600.0,2.65,4.6,8.97,8.55,9.18,42.0,1623000.0,0.0,67830.0,11.0,"947,300 sq km","885,800 sq km","61,500 sq km","4,161 km","1,424 km","5,895 m",0 m,37.3%,19%,43.7%,14.3%,2.3%,27.1%,"1,840 sq km","Dodoma; note - Dodoma was designated the national capital in 1996; Dar es Salaam, the original national capital, is the country’s",Republic,145203
THAILAND,69794997,10.0,7.9,0.2,1223.0,1.53,17100.0,1.42,7.0,104.69,296.0,295.78,100.0,53130000.0,438200.0,134200.0,305.0,"513,120 sq km","510,890 sq km","2,230 sq km","5,673 km","3,219 km","2,565 m",0 m,37.2%,21.6%,41.2%,30.8%,8.8%,1.6%,"64,150 sq km",Bangkok,Monarchy,180053
TIMOR-LESTE,1476042,30.4,5.6,3.8,6.65,5.29,5000.0,5.07,13.8,879.0,2.31,1.52,100.0,284000.0,14000.0,3481.0,538000.0,"14,874 sq km","14,874 sq km",0 sq km,253 km,706 km,"2,963 m",0 m,49.1%,25.8%,25.1%,10.1%,4.9%,10.1%,350 sq km,Dili,Republic,6040
TOGO,8703961,31.4,5.2,1.8,18.37,5.26,2100.0,4.0,9.7,1.27,1.72,2.39,55.0,210000.0,0.0,13100.0,2.0,"56,785 sq km","54,385 sq km","2,400 sq km","1,880 km",56 km,986 m,0 m,4.9%,27.7%,67.4%,45.2%,3.8%,18.4%,70 sq km,Lome,Republic,9951
TOKELAU,1647,,2021.0,3.84,7711583.0,,6004.0,2.0,,24324473.0,103000.0,15792720.0,,,,,,12 sq km,12 sq km,0 sq km,0 km,101 km,5 m,0 m,0%,40%,60%,0%,60%,0%,0 sq km,,Democracy,10
TONGA,105221,20.0,5.0,18.1,651.25,-2.67,6100.0,3.97,11.1,212.0,58.74,285.68,100.0,26000.0,0.0,910.0,171000.0,747 sq km,717 sq km,30 sq km,0 km,419 km,"1,046 m",0 m,12.5%,44.4%,43.1%,22.2%,15.3%,5.6%,0 sq km,Nuku’alofa,Monarchy,680
TRINIDAD AND TOBAGO,1407460,10.6,8.5,1.0,35.15,-1.03,23000.0,4.8,12.7,4.94,11.47,8.59,100.0,2123000.0,81000.0,0.0,39.0,"5,128 sq km","5,128 sq km",0 sq km,0 km,362 km,940 m,0 m,44%,45.4%,10.6%,4.9%,4.3%,1.4%,70 sq km,Port of Spain,Republic,
TUNISIA,11976182,14.1,6.4,1.3,127.51,4.32,10400.0,16.82,38.3,10.87,19.74,24.27,99.0,5777000.0,42500.0,85340.0,23.0,"163,610 sq km","155,360 sq km","8,250 sq km","1,495 km","1,148 km","1,544 m",-17 m,6.6%,28.6%,64.8%,18.3%,15.4%,31.1%,"3,920 sq km",Tunis,Republic,
TURKEY (TURKIYE),83593483,14.0,6.1,1.5,2668.0,11.35,31500.0,13.39,24.3,210.54,282.85,285.58,100.0,96846000.0,70300.0,560000.0,391.0,"783,562 sq km","769,632 sq km","13,930 sq km","2,816 km","7,200 km","5,137 m",0 m,14.9%,35.4%,49.7%,26.7%,4%,19%,"52,150 sq km",Ankara,Republic,67333
TURKMENISTAN,5690818,17.2,6.0,1.7,92.33,6.3,15000.0,5.08,11.0,5.95,7.46,4.57,100.0,5205000.0,235300.0,0.0,109.0,"488,100 sq km","469,930 sq km","18,170 sq km","4,158 km",0 km,"3,139 m",,8.8%,19.2%,72%,4.1%,0.1%,67.8%,"19,950 sq km",Ashgabat,Republic,58592
TURKS AND CAICOS ISLANDS,59367,13.2,3.5,8.4,835.17,2.1,18500.0,10.0,,247.3,827.0,544.22,100.0,85000.0,0.0,1369.0,245000.0,948 sq km,948 sq km,0 sq km,0 km,389 km,48 m,0 m,36.2%,62.7%,1.1%,1.1%,0%,0%,0 sq km,Grand Turk,Democracy,121
TUVALU,11639,22.3,7.9,6.4,55.17,2.99,4900.0,,20.6,87.0,2.7,51.19,99.0,,,,,26 sq km,26 sq km,0 sq km,0 km,24 km,5 m,0 m,33.3%,6.7%,60%,0%,60%,0%,0 sq km,Funafuti; note - the capital is an atoll of some 29 islets; administrative offices are in Vaiaku Village on Fongafale Islet,Democracy,8
UGANDA,47729952,40.3,4.9,3.2,103.01,3.54,2200.0,2.94,4.3,5.09,6.18,10.71,45.0,2397000.0,0.0,31490.0,5.0,"241,038 sq km","197,100 sq km","43,938 sq km","2,729 km",0 km,"5,110 m",614 m,14.5%,14.3%,71.2%,34.3%,11.3%,25.6%,105 sq km,Kampala,Republic,20544
UKRAINE,43306477,5.8,19.8,37.3,379.89,3.4,10700.0,8.88,16.5,29.0,81.5,84.17,100.0,56816000.0,57700.0,167000.0,185.0,"603,550 sq km","579,330 sq km","24,220 sq km","5,581 km","2,782 km","2,061 m",0 m,16.8%,12%,71.2%,56.1%,1.5%,13.6%,"4,350 sq km",Kyiv,Republic,169694
UNITED ARAB EMIRATES,9973449,10.8,1.6,3.4,653.07,3.92,69700.0,3.36,10.7,129.74,335.24,246.89,100.0,35173000.0,3769100.0,392000.0,276.0,"83,600 sq km","83,600 sq km",0 sq km,"1,066 km","1,318 km","1,905 m",0 m,3.8%,91.6%,4.6%,0.5%,0.5%,3.6%,898 sq km,Abu Dhabi,Other,4080
UNITED KINGDOM,68138484,10.8,9.1,3.2,3136.0,4.1,46200.0,4.5,11.2,1116.0,468.2,580.7,100.0,113153000.0,890400.0,907500.0,398.0,"243,610 sq km","241,930 sq km","1,680 sq km",499 km,"12,429 km","1,345 m",-4 m,11.9%,17.1%,71%,25.1%,0.2%,45.7%,718 sq km,London,Monarchy,394428
UNITED STATES,339665118,12.2,8.4,3.0,21132.0,5.95,63700.0,3.9,8.6,6011.0,1645.0,2407.0,100.0,1147000000.0,18600000.0,2190000.0,5006000000.0,"9,833,517 sq km","9,147,593 sq km","685,924 sq km","12,002 km","19,924 km","6,190 m",-86 m,33.3%,22.2%,44.5%,16.8%,0.3%,27.4%,"234,782 sq km","Washington, DC",Republic,"6,586,610"
UNITED STATES PACIFIC ISLAND WILDLIFE REFUGES,,,,,,,,,,,,,,,,,,,,,0 km,4.8 km,,0 m,,100%,,,,,,,,
URUGUAY,3416264,12.7,9.1,0.9,78.12,4.37,22800.0,10.45,32.9,14.99,18.82,15.05,100.0,5348000.0,400.0,9591.0,6.0,"176,215 sq km","175,015 sq km","1,200 sq km","1,591 km",660 km,514 m,0 m,10.2%,2.6%,87.2%,10.1%,0.2%,76.9%,"2,380 sq km",Montevideo,Republic,77732
UZBEKISTAN,31360836,22.2,5.2,0.9,270.06,7.42,7700.0,7.16,16.0,16.2,16.4,27.77,99.0,16042000.0,5200.0,0.0,102.0,"447,400 sq km","425,400 sq km","22,000 sq km","6,893 km",0 km,"4,643 m",-12 m,7.7%,29.7%,62.6%,10.1%,0.8%,51.7%,"37,320 sq km",Tashkent,Republic,86496
VANUATU,313046,21.2,4.0,1.3,888.16,0.45,2800.0,2.18,5.4,398.0,88.81,495.86,70.0,35000.0,0.0,1073.0,225000.0,"12,189 sq km","12,189 sq km",0 sq km,0 km,"2,528 km","1,877 m",0 m,36.1%,48.6%,15.3%,1.6%,10.3%,3.4%,0 sq km,Port-Vila,Republic,1070
VENEZUELA,30518260,17.0,6.6,13.6,269.07,-19.67,7704.0,6.41,14.9,30.0,83.4,18.43,99.0,32956000.0,604800.0,20640.0,103.0,"912,050 sq km","882,050 sq km","30,000 sq km","5,267 km","2,800 km","4,978 m",0 m,52.1%,23.4%,24.5%,3.1%,0.8%,20.6%,"10,550 sq km",Caracas,Republic,96189
VIETNAM,104799174,15.3,5.8,0.2,1036.0,2.56,10600.0,2.17,7.2,64.89,339.98,338.02,100.0,65283000.0,197700.0,282800.0,249.0,"331,210 sq km","310,070 sq km","21,140 sq km","4,616 km","3,444 km","3,144 m",0 m,45%,20.2%,34.8%,20.6%,12.1%,2.1%,"46,000 sq km",Hanoi,Communist,195468
VIRGIN ISLANDS,104917,11.4,9.0,7.3,3.87,-2.15,37000.0,13.27,27.0,1.5,1.81,2.49,100.0,321000.0,0.0,23480.0,2.0,"1,910 sq km",346 sq km,"1,564 sq km",0 km,188 km,474 m,0 m,57.4%,31.1%,11.5%,2.9%,2.9%,5.7%,1 sq km,Charlotte Amalie,Republic,1260
WAKE ISLAND,,,,,,,,,,,,,100.0,0.0,0.0,,1.0,7 sq km,6.5 sq km,0 sq km,0 km,19.3 km,8 m,0 m,,100%,0%,,,,0 sq km,,,
WALLIS AND FUTUNA,15929,12.1,5.9,3.8,60.0,,3800.0,8.8,,32.54,47450.0,61.17,,,,,,142 sq km,142 sq km,0 sq km,0 km,129 km,522 m,0 m,41.9%,15.3%,42.8%,7.1%,35.7%,0%,0.6 sq km,Mata-Utu,Democracy,
WEST BANK,3176549,28.3,3.5,3.9,27.78,7.05,5600.0,24.9,39.6,3.8,3.18,10.24,100.0,215000.0,0.0,22740.0,3.0,"5,860 sq km","5,640 sq km",220 sq km,478 km,0 km,"1,020 m",-431 m,1.5%,55.2%,43.3%,7.4%,11%,24.9%,,,,4686
WORLD,7979261010,18.1,7.7,,134080.0,5.87,17000.0,6.18,17.9,21680.0,28108.0,27120162000000.0,91.0,,,,35551713000.0,510.072 million sq km,148.94 million sq km,"361,899,999 sq km",,"356,000 km","8,849 m","-3,500 m",,,,,,,"3,242,917 sq km",,,
YEMEN,31565602,24.1,5.5,0.2,73.63,-5.9,2500.0,13.57,25.5,2.21,384.5,4.08,74.0,1772000.0,70100.0,75940.0,10.0,"527,968 sq km","527,968 sq km",0 sq km,"1,601 km","1,906 km","3,666 m",0 m,1%,54.5%,44.5%,2.2%,0.6%,41.7%,"6,800 sq km",Sanaa,Other,71300
ZAMBIA,20216029,34.5,6.0,0.2,63.03,4.6,3200.0,13.03,26.1,4.76,11.72,7.7,46.0,3065000.0,0.0,10150.0,6.0,"752,618 sq km","743,398 sq km","9,220 sq km","6,043.15 km",0 km,"2,330 m",329 m,66.3%,2%,31.7%,4.8%,0%,26.9%,"1,560 sq km",Lusaka,Republic,67671
ZIMBABWE,15418674,29.4,6.7,2.9,33.83,8.47,2100.0,5.17,7.3,17.0,5.26,5.49,48.0,2473000.0,800.0,26400.0,7.0,"390,757 sq km","386,847 sq km","3,910 sq km","3,229 km",0 km,"2,592 m",162 m,39.5%,18%,42.5%,10.9%,0.3%,31.3%,"1,740 sq km",Harare,Republic,97267
